"SL NO.","UNIT NO.","TYPE OF UNIT","STATION","STATION CATEGORY","old category","PF NO","PEGGED LOCATION","RESERVATION CATEGORY","TYPE OF ALLOTMENT","NAME OF LICENSEE","LICENSE FEE","CONTRACT from","CONTRACT to","LICENSE FEE ","UNIT STATUS"
"1","CS-01","CATERING","SBC","NSG-1","A1","1","Near lift, between Pillar No.5 & 6 Prime Area","GMU","E-TENDER","Madhuveer Caterers","?1,305,999","20-01-2024","19-01-2029","19-01-2027","Operational"
"2","CS-02","CATERING","SBC","NSG-1","A1","1","Between pillar no.16 and 17, near exit gate - Prime Area","GMU (W)","E-TENDER","Lavanya Caterers","?1,357,777","","","","LOA issued, Yet to Commence"
"3","CS-03","CATERING","SBC","NSG-1","A1","2&3","Near Pillar No. 5, Prime Area","GMU (W)","E-TENDER","Madhuveer Caterers","?909,999","09-12-2025","08-12-2030","08-12-2026","Operational"
"4","CS-04","CATERING","SBC","NSG-1","A1","2&3","Between old FOB and CIB","OBC (W)","E-AUCTION","Mehnaz Aquil","?1,560,000","23-07-2025","22-07-2030","22-04-2026","Operational"
"5","CS-05","CATERING","SBC","NSG-1","A1","2&3","Between Pillar no. 17 & 18 - Prime Area","GMU","E-TENDER","Shiv and Sons","?1,175,380","13-06-2025","12-06-2030","12-06-2026","Operational"
"6","CS-06","CATERING","SBC","NSG-1","A1","4","Near Escalator, Between pillar no. 6 & 7","GMU","E-TENDER","Parthaveer Caterers","?1,503,786","21-12-2024","20-12-2029","20-12-2026","Operational"
"7","CS-07","CATERING","SBC","NSG-1","A1","4","Between pillar no 22 & 23","GMU","E-TENDER","Parthaveer Caterers","?828,282","05-03-2025","04-03-2030","04-03-2026","Operational"
"8","CS-08","CATERING","SBC","NSG-1","A1","5","Between pillar no 17 & 18","GMU","E-TENDER","","","","","","Tender under Finalisation"
"9","CS-09","CATERING","SBC","NSG-1","A1","5","Beside FOB, Between pillar no. 29 & 30","GMU","E-TENDER","","","","","","Tender under Finalisation"
"10","CS-10","CATERING","SBC","NSG-1","A1","5","Near Pillar no. 34- Prime Area","GMU","E-TENDER","Sopan Restaurant","?1,651,900","","","","LOA issued, Yet to Commence"
"11","CS-11","CATERING","SBC","NSG-1","A1","6","Beside CTTI Squad Office under Station Building","ST","E-AUCTION","Hemlata","?2,171,254","12-11-2024","11-11-2029","11-05-2026","Operational"
"12","CS-12","CATERING","SBC","NSG-1","A1","5","Between pillar no. 38 & 39 - Prime area","GMU","E-TENDER","Parthaveer Caterers","?1,703,786","23-11-2024","22-11-2029","22-11-2026","Operational"
"13","CS-13","CATERING","SBC","NSG-1","A1","7&8","Near pillar no.25 - Prime Area","GMU","E-TENDER","","","","","","Tender under Finalisation"
"14","CS-14","CATERING","SBC","NSG-1","A1","7&8","Between pillar no. 30 and escalator - Prime Area","GMU","E-TENDER","Azhar Ahmed K","?3,155,999","04-06-2025","03-06-2030","03-06-2026","Operational"
"15","CS-15","CATERING","SBC","NSG-1","A1","9&10","Between pillar no 46 & 47.","BPL","E-AUCTION","Saritha S","?2,588,111","13-02-2024","12-02-2029","12-05-2026","Operational"
"16","CS-16","CATERING","SBC","NSG-1","A1","9&10","Between pillar no. 26 and 27 - Prime area","GMU","E-TENDER","Tamil Caterers","?2,700,011","13-12-2024","12-12-2029","12-12-2027","Operational"
"17","FS-01","CATERING","SBC","NSG-1","A1","Con (2E)","Main Entry Concourse","GMU","E-TENDER","Samreen Ahmed Catering Services","?1,122,000","01-01-2026","31-12-2030","31-12-2026","Operational"
"18","CS-120","CATERING","SBC","NSG-1","A1","Con","Front Entry Circulating Area","GMU (W)","E-TENDER","Amber Foods","?2,655,555","01-01-2026","31-12-2030","31-12-2026","Operational"
"19","CS-121","CATERING","SBC","NSG-1","A1","Con","Front Entry Circulating Area","GMU","E-TENDER","Hemant Kumar Shukla","?2,655,555","02-01-2026","01-01-2031","01-01-2027","Operational"
"20","CS-122","CATERING","SBC","NSG-1","A1","Con","Second Entry Concourse","GMU","E-TENDER","Vinayaka Enterprises","?1,626,075","02-01-2026","01-01-2031","01-01-2027","Operational"
"21","CS-123","CATERING","SBC","NSG-1","A1","Con (2E)","Second Entry Concourse","DIVYANG (W)","E-AUCTION","Rekha Enterprises","?703,003","02-09-2025","01-09-2030","01-06-2026","Operational"
"22","CS-154","CATERING","SBC","NSG-1","A1","Cir. Area (3E)","","GMU","E-TENDER","","","","","","Under Process"
"23","CS-17","CATERING","YPR","NSG-2","A1","1","Between pillar no. 15 and 16, near RPF office - Prime area","GMU (W)","E-TENDER","Mubeena Begum","?1,857,786","22-02-2025","21-02-2030","21-02-2026","Operational"
"24","CS-18","CATERING","YPR","NSG-2","A1","1","","SC (W)","CC-22 (RENEWAL)","S Rani","?557,539","16-03-2025","15-03-2028","15-03-2026","Operational"
"25","CS-19","CATERING","YPR","NSG-2","A1","1","Between pillar no. 26 and 27 - Prime area","GMU","E-TENDER","Parthaveer Caterers","?2,013,786","23-11-2024","22-11-2029","22-11-2026","Operational"
"26","CS-20","CATERING","YPR","NSG-2","A1","2&3","","ST","CC-22 (RENEWAL)","Keshav Naik","?821,365","14-11-2024","13-11-2027","13-11-2026","Operational"
"27","CS-21","CATERING","YPR","NSG-2","A1","2&3","Between pillar no. 7 & 8 (From PF 2 side) and between pillar no. 13 & 14 (From PF 3 side) - Prime area","GMU (W)","E-TENDER","Kamala Bai Gupta","?1,515,987","07-02-2025","06-02-2030","06-02-2026","Operational"
"28","CS-22","CATERING","YPR","NSG-2","A1","2&3","Near Pillar no 11 - Prime area","GMU (W)","E-TENDER","Samreen Ahmed Catering Services","?1,702,100","13-12-2024","12-12-2029","12-12-2026","Operational"
"29","CS-23","CATERING","YPR","NSG-2","A1","4&5","","DIVYANG","CC-22 (RENEWAL)","G Venkatesan","?502,315","31-03-2025","30-03-2028","30-03-2026","Operational"
"30","CS-24","CATERING","YPR","NSG-2","A1","4&5","Near Pillar no 14","GMU","E-TENDER","Azhar Ahmed K","?1,611,899","04-01-2025","03-01-2030","03-01-2026","Operational"
"31","CS-25","CATERING","YPR","NSG-2","A1","6","Near Pillar no 12 - Prime area","GMU","E-TENDER","","","","","","Under Construction"
"32","CS-26","CATERING","YPR","NSG-2","A1","6","Between pillar no 8 &9 - Prime area","GMU","E-TENDER","Mehnaz Aquil","?1,232,100","20-01-2024","19-01-2029","19-01-2025","Under Construction"
"33","CS-27","CATERING","YPR","NSG-2","A1","6","Near pillar no 27 - Prime area","GMU","E-TENDER","","","","","","Tender under Finalisation"
"34","CS-110","CATERING","YPR","NSG-2","A1","6","Near Pillar no 6 - Prime area","GMU (W)","E-TENDER","Mehnaz Aquil","?622,100","20-08-2021","19-08-2026","19-08-2026","Operational"
"35","CS-124","CATERING","YPR","NSG-2","A1","4&5","Btn pillar no 3&4 on PF 5 TK end (Btn pillar no 25 & 26 on PF 4)","GMU","E-TENDER","Namma Annapoorna Restaurant","?1,220,022","25-10-2024","24-10-2029","24-10-2026","Operational"
"36","CS-155","CATERING","YPR","NSG-2","A1","Cir. Area (PF-6 Side)","","GMU","E-TENDER","","","","","","Under Construction"
"37","CS-156","CATERING","YPR","NSG-2","A1","Cir. Area (PF-1 Side)","","GMU","E-TENDER","","","","","","Under Process"
"38","CS-157","CATERING","YPR","NSG-2","A1","Cir. Area (PF-1 Side)","","BPL","E-AUCTION","","","","","","Under Construction"
"39","CS-158","CATERING","YPR","NSG-2","A1","Air Con","","GMU (W)","E-TENDER","","","","","","Under Construction"
"40","CS-159","CATERING","YPR","NSG-2","A1","Air Con","","GMU","E-TENDER","","","","","","Under Construction"
"41","CS-160","CATERING","YPR","NSG-2","A1","Air Con","","GMU","E-TENDER","","","","","","Under Construction"
"42","CS-161","CATERING","YPR","NSG-2","A1","Air Con","","GMU","E-TENDER","","","","","","Under Construction"
"43","CS-28","CATERING","KGI","NSG-3","A","1","","GMU (W)","CC-22 (RENEWAL)","Shivamma","?289,370","30-10-2023","29-10-2026","29-10-2026","Operational"
"44","CS-29","CATERING","KGI","NSG-3","A","2&3","Near staircase","GMU (W)","E-TENDER","Mehnaz Aquil","?277,310","05-08-2021","04-08-2026","04-08-2026","Operational"
"45","CS-125","CATERING","KGI","NSG-3","A","2&3","Near KM No. 17/700","GMU","E-TENDER","Namma Annapoorna Restaurant","?400,022","08-02-2025","07-02-2030","07-02-2026","Operational"
"46","CS-126","CATERING","KGI","NSG-3","A","Con","","GMU","E-TENDER","","","","","","Under Construction"
"47","CS-162","CATERING","KGI","NSG-3","A","Cir. Area","","GMU","E-TENDER","","","","","","Under Construction"
"48","CS-31","CATERING","BNC","NSG-3","A","1A","Opposite to OHE 1068","GMU (W)","E-TENDER","Sangeetha Caterers","?510,399","21-12-2024","20-12-2029","20-12-2025","Operational"
"49","CS-32","CATERING","BNC","NSG-3","A","1A","Between OHE 1072 -1076","GMU (W)","E-TENDER","","","","","","Under Construction"
"50","CS-33","CATERING","BNC","NSG-3","A","1","","MINORITY","CC-22 (RENEWAL)","Sunny Kutty","?420,010","11-12-2025","10-12-2028","10-12-2026","Operational"
"51","CS-34","CATERING","BNC","NSG-3","A","2","Near Pillar No. 38","ST (W)","E-AUCTION","","","","","","Under Construction"
"52","CS-35","CATERING","BNC","NSG-3","A","2","","GMU","E-TENDER","","","","","","Under Construction"
"53","CS-36","CATERING","BNC","NSG-3","A","2","","GMU","E-TENDER","","","","","","Under Construction"
"54","CS-30","CATERING","BNC","NSG-3","A","Con","AIR CONCOURSE","GMU","E-TENDER","","","","","","Under Construction"
"55","CS-127","CATERING","BNC","NSG-3","A","Con","CONCOURSE","SC","E-AUCTION","","","","","","Under Construction"
"56","CS-128","CATERING","BNC","NSG-3","A","1B & 1C","PF-1B & 1C","GMU","E-TENDER","","","","","","No Train Service"
"57","CS-129","CATERING","BNC","NSG-3","A","1B & 1C","PF-1B & 1C","GMU","E-TENDER","","","","","","No Train Service"
"58","CS-130","CATERING","BNC","NSG-3","A","1D & 1E","PF-1D & 1E","GMU","E-TENDER","","","","","","No Train Service"
"59","CS-131","CATERING","BNC","NSG-3","A","1D & 1E","PF-1D & 1E","GMU","E-TENDER","","","","","","No Train Service"
"60","CS-37","CATERING","KJM","NSG-3","A","2&3","Between pillar no. 1 and 2 - Prime area","GMU (W)","E-TENDER","Lavanya Caterers","?1,865,515","24-04-2025","23-04-2030","23-04-2026","Operational"
"61","CS-38","CATERING","KJM","NSG-3","A","2&3","Near pillar no.7","FF/WW/Rly Wd/Ld to Rly","E-AUCTION","Manimala Caterers","?1,617,777","26-04-2025","25-04-2030","25-04-2026","Operational"
"62","CS-39","CATERING","KJM","NSG-3","A","4","Near Pillar no. 1- Prime Area","GMU","E-TENDER","Hemant Kumar Shukla","?1,265,888","","","","LOA issued, Yet to Commence"
"63","CS-40","CATERING","KJM","NSG-3","A","4","Between Pillar no. 10 & 11- Prime Area","GMU (W)","E-TENDER","Sapna Devi","?622,888","18-02-2024","17-02-2029","17-02-2026","Operational"
"64","CS-132","CATERING","KJM","NSG-3","A","1","","SC (W)","E-AUCTION","","","","","","No Train Service"
"65","CS-163","CATERING","KJM","NSG-3","A","4","Near VIP lounge and between Pillar No. 11 & 12","SC","E-AUCTION","Rekha Foods","?855,555","18-02-2026","17-02-2031","17-05-2026","LOA issued, Yet to Commence"
"66","CS-41","CATERING","BWT","NSG-3","A","3&4","Between OHE Pillar No. 285/42-44- Prime Area","GMU","E-TENDER","Rekha Foods","?1,010,101","","","","LOA issued, Yet to Commence"
"67","CS-42","CATERING","BWT","NSG-3","A","3&4","","GMU","STATUS QUO","Khadeer Ahmed","?447,262","10-10-2023","09-10-2026","09-10-2026","Operational"
"68","CS-43","CATERING","BWT","NSG-3","A","4","Near Pillar 22/23 (Next to VRR).","SC","E-AUCTION","","","","","","E-Auction/E-Tender is Scheduled"
"69","CS-44","CATERING","BWT","NSG-3","A","3&4","","GMU","STATUS QUO","Khadeer Ahmed","?208,120","10-10-2023","09-10-2026","09-10-2026","Operational"
"70","CS-133","CATERING","BWT","NSG-3","A","Con","CONCOURSE","GMU","E-TENDER","","","","","","Under Construction"
"71","CS-45","CATERING","MYA","NSG-4","B","2&3","","FF/WW/Rly Wd/Ld to Rly (W)","CC-22 (RENEWAL)","V Ramakrishna","?241,791","16-05-2025","15-05-2028","15-05-2026","Operational"
"72","CS-111","CATERING","MYA","NSG-4","B","Con","Below Staircase, in front of Ticket Counter","GMU (W)","E-TENDER","Amber Foods","?555,555","16-11-2025","15-11-2030","15-11-2026","Operational"
"73","CS-46","CATERING","HSRA","NSG-4","B","1","Near Booking office and Entry - Exit gate","GMU (W)","E-TENDER","Manimala Caterers","?711,077","22-11-2024","21-11-2029","21-11-2026","Operational"
"74","CS-47","CATERING","HSRA","NSG-4","B","2&3","Near coach indication board no. 14","GMU","E-TENDER","Lavanya Caterers","?257,000","19-07-2024","18-07-2029","18-07-2026","Operational"
"75","CS-48","CATERING","HSRA","NSG-4","B","2&3","Opposite to Milk Stall on PF No. 1.","GMU (W)","E-TENDER","","","","","","No Offers"
"76","CS-164","CATERING","HSRA","NSG-4","B","Cir. Area","Beside New SSP","GMU","E-TENDER","Sri Tejashwini Agency","?151,000","","","","LOA issued, Yet to Commence"
"77","CS-49","CATERING","TK","NSG-4","B","2&3","Opposite to the Old SSE/P-Way office","FF/WW/Rly Wd/Ld to Rly (W)","E-AUCTION","Sulochana Caterers","?290,000","01-03-2023","28-02-2029","31-05-2026","Operational"
"78","CS-50","CATERING","TK","NSG-4","B","2&3","Opposite to Parcel office at Arsikere end","GMU","E-TENDER","Namma Annapoorna Restaurant","?1,047,522","22-11-2024","21-11-2029","21-11-2026","Operational"
"79","CS-51","CATERING","BAND","NSG-5","D","1","","MINORITY","CC-22 (RENEWAL)","Sohail Ahmed","?144,540","10-07-2023","09-07-2026","09-07-2026","Operational"
"80","CS-52","CATERING","BAND","NSG-5","D","2&3","Opposite Station master office available on platform no.1","GMU","E-AUCTION","","","","","","No Offers"
"81","CS-53","CATERING","YNK","NSG-3","A","1","Next to SM Office DMM end","SC","E-AUCTION","","","","","","Under Process"
"82","CS-54","CATERING","YNK","NSG-3","A","1","","GMU","CC-22 (RENEWAL)","G Mallikarjuna","?156,585","24-10-2023","23-10-2026","23-10-2026","Operational"
"83","CS-55","CATERING","YNK","NSG-3","A","4&5","Between pillar no. 4 & 5","GMU","E-TENDER","Madhuveer Caterers","?818,181","06-12-2024","01-03-2026","01-03-2026","Operational"
"84","CS-135","CATERING","YNK","NSG-3","A","2&3","In between pillar no. 4&5","GMU (W)","E-TENDER","PES Caterers","?450,005","21-02-2025","20-02-2030","20-02-2026","Operational"
"85","CS-136","CATERING","YNK","NSG-3","A","4&5","In between FOB and water point 08.","GMU","E-TENDER","Vinayaka Enterprises","?275,575","02-01-2026","01-01-2031","01-01-2027","LOA issued, Yet to Commence"
"86","CS-56","CATERING","HUP","NSG-4","B","2&3","Opposite to main station entrance","OBC","E-AUCTION","BKS Hotel","?840,000","02-10-2025","01-10-2030","01-04-2026","Operational"
"87","CS-165","CATERING","HUP","NSG-4","B","Cir. Area","Near Divyangjan Parking","GMU","E-TENDER","","","","","","E-Auction/E-Tender is Scheduled"
"88","CS-58","CATERING","RMGM","NSG-4","B","1","Opposite to Gents Waiting Hall","GMU","E-TENDER","","","","","","No Offers"
"89","CS-59","CATERING","RMGM","NSG-4","B","2&3","Near pole no. 44/3, Near FOB","MINORITY","E-AUCTION","","","","","","E-Auction/E-Tender is Scheduled"
"90","CS-60","CATERING","RMGM","NSG-4","B","2&3","Opposite to Station entrance","GMU (W)","E-TENDER","Jawahar Taj Caterers","?128,999","19-11-2025","18-11-2030","18-11-2026","Operational"
"91","CS-61","CATERING","CPT","NSG-5","D","1","Between FOB and station building on PF no. 1","GMU","E-TENDER","Sri Manjunatha Catering Business","?133,000","08-05-2025","07-05-2030","08-05-2026","Operational"
"92","CS-137","CATERING","CPT","NSG-5","D","2&3","Opposite to new station building","BPL","E-AUCTION","Mala Caterers","?109,500","14-03-2025","13-03-2030","13-06-2026","Operational"
"93","CS-176","CATERING","CPT","NSG-5","D","Cir. Area","","GMU (W)","E-AUCTION","","","","","","Under Construction"
"94","CS-73","CATERING","BYPL","NSG-5","D","2","Next to platform entry (Staircase)","SC (W)","E-AUCTION","Rekha Foods","?303,640","13-09-2024","09-12-2029","12-03-2026","Operational"
"95","CS-74","CATERING","WFD","NSG-4","B","1&2","","GMU","CC-22 (RENEWAL)","K Dandapani","?246,392","30-10-2022","29-10-2027","29-10-2026","Operational"
"96","CS-75","CATERING","WFD","NSG-4","B","3&4","Opposite to SM Office","ST","E-AUCTION","Kashi Caterers and Decorators","?165,000","01-03-2023","29-02-2028","01-06-2026","Operational"
"97","CS-166","CATERING","WFD","NSG-4","B","Cir. Area","","OBC","E-AUCTION","","","","","","Under Construction"
"98","CS-167","CATERING","WFD","NSG-4","B","Cir. Area","","GMU","E-TENDER","","","","","","Under Construction"
"99","CS-76","CATERING","MLO","NSG-5","D","1&2","","OBC (W)","CC-22 (RENEWAL)"," Anitha","?95,849","10-07-2022","09-07-2027","09-07-2026","Operational"
"100","CS-77","CATERING","KPN","NSG-5","D","1","Between OHE Pole No, 251/19 and 251/21, next to Booking office JTJ end","GMU (W)","E-TENDER","Manimala Caterers","?630,777","07-12-2024","06-12-2029","06-12-2026","Operational"
"101","CS-78","CATERING","KPN","NSG-5","D","2","Near Staircase","OBC (Ld to Rly)","E-AUCTION","Global Foods","?472,312","10-02-2023","09-02-2028","09-05-2026","Operational"
"102","CS-112","CATERING","SMVB","NSG-2","A1","1","Between pillar no. 22 & 23","BPL (W)","E-AUCTION","Saritha S","?2,878,786","23-01-2025","22-01-2030","22-04-2026","Operational"
"103","CS-113","CATERING","SMVB","NSG-2","A1","1","Between pillar no. 35 & 36","MINORITY (W)","E-AUCTION","Sakkeena C","?2,475,786","21-11-2024","20-11-2029","20-05-2026","Operational"
"104","CS-114","CATERING","SMVB","NSG-2","A1","2&3","Between pillar no. 37 & 38","GMU (W)","E-TENDER","Sakkeena C","?2,000,223","19-02-2025","18-02-2030","18-02-2026","Operational"
"105","CS-115","CATERING","SMVB","NSG-2","A1","2&3","Between pillar no. 45 & 46","GMU (W)","E-TENDER","NRS Enterprises","?1,125,786","15-02-2025","14-02-2030","14-02-2027","Operational"
"106","CS-116","CATERING","SMVB","NSG-2","A1","4&5","Between pillar no. 22 & 23","GMU","E-TENDER","Mubeena Begum","?2,077,786","10-03-2025","09-03-2030","09-03-2026","Operational"
"107","CS-117","CATERING","SMVB","NSG-2","A1","4&5","Between pillar no. 35 & 36","GMU","E-TENDER","Mubeena Begum","?2,257,786","10-03-2025","09-03-2030","09-03-2026","Operational"
"108","CS-118","CATERING","SMVB","NSG-2","A1","6&7","Between pillar no. 23 & 24 (Pillar number from Bananswadi end)","GMU","E-TENDER","Mubeena Begum","?1,831,786","22-02-2025","21-02-2026","21-02-2026","Operational"
"109","CS-119","CATERING","SMVB","NSG-2","A1","6&7","Between pillar no. 14 & 15 (Pillar number from Bananswadi end)","GMU (W)","E-TENDER","Sangeeta Jain & Sons","?1,521,121","15-02-2025","14-02-2026","14-02-2026","Operational"
"110","CS-168","CATERING","SMVB","NSG-2","A1","Cir. Area","Between Both Exit Gate in Circulating Area","FF/WW/Rly Wd/Ld to Rly","E-AUCTION","Shree Radhey Krishna","?3,357,777","18-02-2026","17-02-2031","17-05-2026","Operational"
"111","CS-169","CATERING","SMVB","NSG-2","A1","1","","GMU","E-TENDER","","","","","","Under Process"
"112","CS-170","CATERING","SMVB","NSG-2","A1","2&3","","GMU","E-TENDER","","","","","","Under Process"
"113","CS-171","CATERING","SMVB","NSG-2","A1","4&5","Between Pillar No. 45 & 46","GMU (W)","E-TENDER","Saritha S","?1,158,000","","","","LOA issued, Yet to Commence"
"114","CS-172","CATERING","SMVB","NSG-2","A1","6&7","","GMU","E-TENDER","","","","","","Under Process"
"115","CS-173","CATERING","SSPN","NSG-4","B","2&3","","GMU","E-TENDER","","","","","","Under Process"
"116","CS-134","CATERING","SSPN","NSG-4","B","2&3","Under existing shelter between pillar no 3&4 from DMM end","GMU","E-TENDER","Tamil Caterers","?271,999","05-10-2024","04-10-2029","04-10-2026","Operational"
"117","RR-01","REFRESHMENT ROOM","MYA","NSG-4","B","1","Within station building","GMU","E-TENDER","Abhi Tiffin and Bhojanam Hotel","?196,000","24-11-2024","23-11-2029","23-11-2026","Operational"
"118","RR-02","REFRESHMENT ROOM","TK","NSG-4","B","1","Within station building","GMU (W)","E-TENDER","Sangeetha Caterers","?233,235","15-07-2024","14-07-2029","14-07-2026","Operational"
"119","RR-03","REFRESHMENT ROOM","TK","NSG-4","B","1","","MINORITY","STATUS QUO","D R Janardhana","?236,397","10-10-2023","09-10-2026","09-10-2026","Operational"
"120","Trolley","OTHER STALL","TK","NSG-4","B","1","","MINORITY","STATUS QUO","D R Janardhana","?247,359","10-10-2023","09-10-2026","09-10-2026","Operational"
"121","RR-05","REFRESHMENT ROOM","HUP","NSG-4","B","1","Beside existing traffic inspector's room","GMU","E-TENDER","S R Canteen","?240,000","31-12-2025","30-12-2030","30-12-2026","Operational"
"122","CS-57","CATERING","NYH","NSG-5","D","2&3","Between poll no. 7/22A and 7/23","GMU (W)","E-AUCTION","Rubiya Caterers","?151,000","17-02-2026","16-02-2031","16-05-2026","LOA issued, Yet to Commence"
"123","CS-62","CATERING","MAD","NSG-5","D","2&3","Opposite station building on PF. No.1","GMU","E-AUCTION","Jawahar Taj Caterers","?165,999","19-07-2025","18-07-2030","18-04-2026","Operational"
"124","CS-63","CATERING","GBB","NSG-6","E","1","On Platform No.1 at the end of station building and before FOB (SBC end).","OBC","E-AUCTION","","","","","","No Offers"
"125","CS-64","CATERING","CRLM","NSG-4","B","2","Opposite of Station building(SBC side)","GMU (W)","E-AUCTION","Manimala Caterers","?70,777","05-08-2024","04-08-2029","04-05-2026","Operational"
"126","CS-65","CATERING","CRLM","NSG-4","B","1","Below FOB DPJ end","GMU (W)","E-TENDER","","","","","","Under Process"
"127","CS-66","CATERING","DPJ","NSG-5","D","1","Near Booking Office","ST","E-TENDER","Kashi Caterers and Decorators","?68,762","07-05-2021","06-05-2026","06-05-2026","Operational"
"128","CS-67","CATERING","DPJ","NSG-5","D","2&3","opposite to Booking Office on PF.No.1","GMU (W)","E-AUCTION","Nigarish Khanam","?160,786","06-07-2023","05-07-2028","06-04-2026","Operational"
"129","CS-68","CATERING","DPJ","NSG-5","D","2&3","Near km 66/100","GMU (W)","E-AUCTION","","","","","","No Offers"
"130","CS-69","CATERING","BAW","NSG-5","D","2&3","","OBC","CC-22 (RENEWAL)","Maregowda","?84,797","10-07-2022","09-07-2027","09-07-2026","Operational"
"131","CS-70","CATERING","BAW","NSG-5","D","4&5","Between OHE Pole No. 13/36 and 13/38","GMU","E-AUCTION","","","","","","E-Auction/E-Tender is Scheduled"
"132","CS-71","CATERING","BNCE","NSG-5","D","1","Opposite to old Booking Office","GMU (W)","E-AUCTION","","","","","","Under Construction"
"133","CS-72","CATERING","BNCE","NSG-5","D","2","","GMU","CC-22 (RENEWAL)","Mohd Kaiser","?100,745","30-10-2022","29-10-2027","29-10-2025","Operational"
"134","CS-79","CATERING","COL","NSG-6","E","1","Opp to BO Counter area","FF/WW/Rly Wd/Ld to Rly","E-AUCTION","Sri. Venkateshwara Enterprises","?70,000","27-08-2024","26-08-2029","26-05-2026","Operational"
"135","CS-80","CATERING","CHU","NSG-6","E","1","Towards BWT (Bangarpet) end","GMU (W)","E-AUCTION","","","","","","No Offers"
"136","CS-81","CATERING","GBD","NSG-5","D","1","Near Station Master office under shelter towards SBC end","GMU","E-AUCTION","","","","","","No Offers"
"137","CS-138","CATERING","GBD","NSG-5","D","2&3","Near last pillar of shelter towards SBC end","OBC","E-AUCTION","BKS Hotel","?81,000","17-12-2024","16-12-2029","16-03-2026","Operational"
"138","CS-82","CATERING","PKD","NSG-5","D","1","Between old station building and Pay & Use toilet","GMU","E-AUCTION","S R Canteen","?122,786","24-08-2023","23-08-2028","23-05-2026","Operational"
"139","CS-139","CATERING","PKD","NSG-5","D","2","Under existing shelter and opposite to SM office","GMU","E-AUCTION","","","","","","No Offers"
"140","CS-83","CATERING","BID","NSG-5","D","3&4","","GMU","CC-22 (RENEWAL)","Madappa","?96,120","14-04-2023","13-04-2028","13-04-2026","Operational"
"141","CS-142","CATERING","BID","NSG-5","D","1&2","Opposite to SM Building","GMU (DIVYANG)","E-AUCTION","","","","","","No Offers"
"142","CS-84","CATERING","HLE","NSG-6","E","1","Next to new station building (SBC Side).","FF/WW/Rly Wd/Ld to Rly","E-AUCTION","","","","","","No Offers"
"143","CS-143","CATERING","HLE","NSG-6","E","2","After the shelter(HSRA side)","GMU (W)","E-AUCTION","","","","","","No Offers"
"144","CS-85","CATERING","AEK","NSG-6","E","1","Beside proposed new station building SBC end","GMU","E-AUCTION","","","","","","No Offers"
"145","CS-144","CATERING","AEK","NSG-6","E","2","Opposite to new station building","ST","E-AUCTION","","","","","","No Offers"
"146","CS-86","CATERING","RYC","NSG-6","E","1","","OBC (W)","E-TENDER","Mubeena Begum","?61,786","01-09-2022","31-08-2027","31-08-2026","Operational"
"147","CS-87","CATERING","PCV","NSG-6","E","1","","SC","CC-22 (RENEWAL)","A Vasudevan","?76,847","30-10-2022","29-10-2027","29-10-2026","Operational"
"148","CS-88","CATERING","TPP","NSG-6","E","1","Next to Stn building SBC end","SC (W)","E-AUCTION","","","","","","No Offers"
"149","CS-89","CATERING","DBL","NSG-6","E","2&3","Oppostie Station Building","SC","E-AUCTION","","","","","","No Offers"
"150","CS-90","CATERING","NDV","NSG-6","E","2&3","Opposite station building","GMU","E-AUCTION","","","","","","No Offers"
"151","CS-91","CATERING","KIAT","NSG-6","E","1","Near CNC office Tumakuru end","MINORITY (W)","E-AUCTION","","","","","","No Offers"
"152","CS-92","CATERING","HEB","NSG-6","E","1","After station building, Banaswadi End.","OBC","E-AUCTION","","","","","","No Offers"
"153","CS-93","CATERING","DKN","NSG-6","E","1&2","Opposite to station building.","ST (FF/WW/Rly Wd)","E-AUCTION","","","","","","No Offers"
"154","CS-94","CATERING","MKM","NSG-5","D","1","","MINORITY","E-AUCTION","Sri. Venkateshwara Enterprises","?66,600","17-02-2026","16-02-2031","16-05-2026","LOA issued, Yet to Commence"
"155","CS-95","CATERING","DBU","NSG-5","D","2&3","Between platform seating and water pedestal","OBC","E-AUCTION","BKS Hotel","?111,000","17-12-2024","16-12-2029","16-03-2026","Operational"
"156","CS-145","CATERING","DBU","NSG-5","D","1","Beside ramp","GMU (W)","E-AUCTION","","","","","","No Offers"
"157","CS-146","CATERING","DBU","NSG-5","D","4","Beside GRP office","OBC (W)","E-AUCTION","","","","","","No Offers"
"158","CS-96","CATERING","IDT","NSG-6","E","1","Next to Stn bldg KQZ end","OBC (FF/WW/Rly Wd)","E-AUCTION","","","","","","No Offers"
"159","CS-97","CATERING","SVS","NSG-6","E","1","Btn Pillars of shelter Opp stn entrance","GMU (W)","E-AUCTION","","","","","","No Offers"
"160","CS-98","CATERING","NMGA","NSG-6","E","1","Next to SM Office Hasan End","GMU","E-AUCTION","","","","","","No Offers"
"161","CS-99","CATERING","KIGL","NSG-5","D","2&3","Below the shelter in between the two-black granite benches (opposite to RPF outpost on PF-1).","MINORITY","E-AUCTION","","","","","","No Offers"
"162","CS-175","CATERING","KIGL","NSG-5","D","Cir. Area","Between New Two wheeler Parking and Transformer","GMU (W)","E-AUCTION","","","","","","Under Process"
"163","CS-100","CATERING","YY","NSG-6","E","2","Opp to SM Office","GMU","E-AUCTION","","","","","","No Offers"
"164","CS-101","CATERING","BGNR","NSG-6","E","1","Opposite to SM Office","OBC (W)","E-AUCTION","","","","","","No Offers"
"165","CS-102","CATERING","HISE","NSG-6","E","2","Opposite to Station Master office, Yesvantpur end.","OBC","E-AUCTION","","","","","","No Offers"
"166","CS-103","CATERING","SBGA","NSG-5","D","1","Opp SM Office","SC","E-AUCTION","","","","","","No Offers"
"167","CS-104","CATERING","CNPA","NSG-5","D","2","Opposite to Station Master Office","GMU","E-AUCTION","","","","","","No Offers"
"168","CS-105","CATERING","HDIH","HG-2","F","1","Near Booking Office","GMU","E-AUCTION","","","","","","No Offers"
"169","CS-106","CATERING","BLRR","HG-2","F","1","Near Booking office","SC (FF/WW/Rly Wd)","E-AUCTION","Selvi R","?31,500","24-10-2025","23-10-2030","23-04-2026","Operational"
"170","CS-107","CATERING","MPC","HG-2","F","1","Infront of station building","OBC","E-AUCTION","","","","","","No Offers"
"171","CS-108","CATERING","KNDV","HG-2","F","1","Next to Shelter towards NYH end","GMU","E-AUCTION","","","","","","No Offers"
"172","CS-109","CATERING","CBP","NSG-6","E","1","Between RDSO shelter and Divyang toilet","GMU","E-AUCTION","","","","","","No Offers"
"173","CS-140","CATERING","MWM","NSG-6","E","2","Opposite to booking office","GMU","E-AUCTION","","","","","","Under Construction"
"174","CS-141","CATERING","OGM","NSG-5","D","1","Opposite to OHE pole no.18","GMU","E-AUCTION","","","","","","E-Auction/E-Tender is Scheduled"
"175","CS-147","CATERING","TDV","NSG-6","E","1","Opposite to SM office","MINORITY (FF/WW/Rly Wd)","E-AUCTION","","","","","","No Offers"
"176","CS-174","CATERING","TDV","NSG-6","E","Cir. Area","Between Entry Steps and Station Building","GMU","E-AUCTION","","","","","","Under Process"
"177","CS-148","CATERING","CMY","NSG-6","E","1","In concourse area","SC","E-AUCTION","","","","","","No Offers"
"178","CS-149","CATERING","GHL","NSG-6","E","2&3","Opposite to SM office","OBC (W)","E-AUCTION","","","","","","No Offers"
"179","CS-150","CATERING","TCL","NSG-5","D","1","In between OHE pole no. 297/36 and 297/37","MINORITY (W)","E-AUCTION","","","","","","No Offers"
"180","CS-151","CATERING","KSM","HG-1","F","1","Near OHE pole no.273/32","ST (W)","E-AUCTION","","","","","","No Offers"
"181","CS-152","CATERING","GDP","NSG-6","E","1","Near OHE pole no. 261/16","SC (W)","E-AUCTION","","","","","","No Offers"
"182","CS-153","CATERING","MDLL","HG-2","F","1","Near the counter(YPR end)","FF/WW/Rly Wd/Ld to Rly","E-AUCTION","","","","","","No Offers"
"183","RR-04","REFRESHMENT ROOM","MAD","NSG-5","D","1","On Platform No.1, within station building","GMU","E-AUCTION","Rubiya Caterers","?111,800","15-04-2026","14-04-2031","","LOA issued, Yet to Commence"
"1","MS-01","MILK","SBC","NSG-1","A1","Con","Between old HPMC stall and OSOP stall","","E-TENDER","","","","","","No Offers"
"2","MS-02","MILK","SBC","NSG-1","A1","Con","Near Cloak Room","","CC-22 (RENEWAL)","KMF (Nandini)","?193,595","10-02-2023","09-02-2026","09-02-2026","Operational"
"3","MS-03","MILK","SBC","NSG-1","A1","1","Between pillar no 19 & 20","","E-TENDER","Vineet Verma","?818,181","09-10-2024","08-10-2029","08-10-2026","Operational"
"4","MS-04","MILK","SBC","NSG-1","A1","1","Next to Old HPMC Stall on PF no. 01 near Subway","","CC-22 (RENEWAL)","KMF (Nandini)","?204,383","12-04-2023","11-04-2026","11-04-2026","Operational"
"5","MS-05","MILK","SBC","NSG-1","A1","2&3","Near pillar no 11","","E-TENDER","Vineet Verma","?638,888","27-01-2024","26-01-2029","26-01-2026","Operational"
"6","MS-06","MILK","SBC","NSG-1","A1","5","Near FOB ramp, Between pillar no. 6&7 (BNC End)","","E-TENDER","Nithya Aavin Stall","?516,666","02-03-2024","01-03-2029","01-03-2026","Operational"
"7","MS-07","MILK","SBC","NSG-1","A1","8","","","CC-22 (RENEWAL)","KMF (Nandini)","?214,304","26-04-2023","25-04-2026","25-04-2026","Operational"
"8","MS-08","MILK","SBC","NSG-1","A1","9&10","","","CC-22 (RENEWAL)","GCMMF (Amul)","?210,225","11-12-2025","10-12-2028","10-12-2026","Operational"
"9","MS-70","MILK","SBC","NSG-1","A1","9&10","Between pillar no. 16 & 17","","E-TENDER","Mehnaz Aquil","?1,658,100","26-02-2026","25-02-2031","26-02-2026","LOA issued, Yet to Commence"
"10","MS-10","MILK","YPR","NSG-2","A1","2&3","","","CC-22 (RENEWAL)","GCMMF (Amul)","?147,692","16-02-2024","02-03-2027","15-02-2026","Operational"
"11","MS-09","MILK","YPR","NSG-2","A1","1","","","CC-22 (RENEWAL)","KMF (Nandini)","?161,262","01-04-2024","31-03-2027","31-03-2026","Operational"
"12","MS-71","MILK","YPR","NSG-2","A1","2&3","Between pillar no. 1 & 2","","E-TENDER","","","","","","No Offers"
"13","MS-11","MILK","YPR","NSG-2","A1","4&5","","","CC-22 (RENEWAL)","KMF (Nandini)","?168,290","11-01-2025","10-01-2028","10-01-2027","Operational"
"14","MS-12","MILK","YPR","NSG-2","A1","6","","","CC-22 (RENEWAL)","KMF (Nandini)","?348,850","20-09-2023","19-09-2026","19-09-2026","Operational"
"15","MS-13","MILK","KGI","NSG-3","A","1","","","CC-22 (RENEWAL)","KMF (Nandini)","?128,569","08-01-2024","07-01-2027","07-01-2027","Operational"
"16","MS-14","MILK","KGI","NSG-3","A","2&3","","","CC-22 (RENEWAL)","KMF (Nandini)","?167,204","10-07-2023","09-07-2026","09-07-2026","Operational"
"17","MS-15","MILK","BNC","NSG-3","A","1","","","CC-22 (RENEWAL)","KMF (Nandini)","?143,576","03-02-2023","05-05-2026","05-05-2026","Operational"
"18","MS-16","MILK","BNC","NSG-3","A","2&3","","","CC-22 (RENEWAL)","GCMMF (Amul)","?142,942","10-04-2025","09-04-2028","09-04-2026","Operational"
"19","MS-17","MILK","BNC","NSG-3","A","2&3","","","CC-22 (RENEWAL)","KMF (Nandini)","?192,939","23-09-2024","23-12-2027","23-12-2026","Operational"
"20","MS-18","MILK","BNC","NSG-3","A","Con","","","CC-22 (RENEWAL)","KMF (Nandini)","?155,429","10-04-2025","09-04-2028","09-04-2026","Operational"
"21","MS-19","MILK","KJM","NSG-3","A","2&3","","","CC-22 (RENEWAL)","GCMMF (Amul)","?129,791","10-06-2025","09-06-2028","09-06-2026","Operational"
"22","MS-20","MILK","KJM","NSG-3","A","4","","","CC-22 (RENEWAL)","GCMMF (Amul)","?130,798","12-12-2025","11-12-2028","11-12-2026","Operational"
"23","MS-21","MILK","BWT","NSG-3","A","3&4","Near water Tap no- 27 & 28","","E-TENDER","","","","","","E-Auction/E-Tender is Scheduled"
"24","MS-22","MILK","BWT","NSG-3","A","3&4","","","CC-22 (RENEWAL)","KMF (Nandini)","?201,787","03-11-2023","02-11-2026","02-11-2026","Operational"
"25","MS-23","MILK","SSPN","NSG-4","A","1","Next to generator (SBC end)","","E-TENDER","","","","","","No Offers"
"26","MS-24","MILK","MYA","NSG-4","B","2&3","","","CC-22 (RENEWAL)","KMF (Nandini)","?149,403","24-06-2024","23-06-2027","23-06-2026","Operational"
"27","MS-25","MILK","HSRA","NSG-4","B","1","","","E-TENDER","","","","","","No Offers"
"28","MS-72","MILK","HSRA","NSG-4","B","2&3","","","E-TENDER","","","","","","No Offers"
"29","MS-26","MILK","HSRA","NSG-4","B","2&3","","","CC-22 (RENEWAL)","KDCMPU (Krishnagiri)","?75,884","03-01-2024","02-01-2027","02-01-2027","Operational"
"30","MS-67","MILK","HSRA","NSG-4","B","2&3","In between CIB- 7 & 8.","","E-TENDER","","","","","","E-Auction/E-Tender is Scheduled"
"31","MS-27","MILK","TK","NSG-4","B","1","","","E-TENDER","","","","","","E-Auction/E-Tender is Scheduled"
"32","MS-28","MILK","TK","NSG-4","B","1","Between Pillar No. 3&4","","E-TENDER","","","","","","No Offers"
"33","MS-29","MILK","TK","NSG-4","B","2&3","","","CC-22 (RENEWAL)","GCMMF (Amul)","?113,699","08-01-2024","07-01-2027","07-01-2027","Operational"
"34","MS-30","MILK","BAND","NSG-5","D","1","Near S&T Relay Room (Hosur End)","","E-TENDER","Nithya Aavin Stall","?223,999","08-04-2024","07-04-2029","07-04-2026","Operational"
"35","MS-73","MILK","BAND","NSG-5","D","1","","","E-TENDER","Sri Velan Catering","?133,333","01-03-2026","28-02-2031","01-03-2026","LOA issued, Yet to Commence"
"36","MS-31","MILK","BAND","NSG-5","D","2","Near Pole no. 209/31","","E-TENDER","","","","","","No Offers"
"37","MS-32","MILK","YNK","NSG-3","A","1","","","CC-22 (RENEWAL)","KMF (Nandini)","?139,053","06-01-2024","05-01-2027","05-01-2027","Operational"
"38","MS-33","MILK","YNK","NSG-3","A","2&3","","","CC-22 (RENEWAL)","KMF (Nandini)","?79,860","08-01-2026","07-01-2029","07-01-2027","Operational"
"39","MS-34","MILK","YNK","NSG-3","A","2&3","","","CC-22 (RENEWAL)","KMF (Nandini)","?115,348","22-09-2024","21-09-2027","21-09-2025","Operational"
"40","MS-35","MILK","YNK","NSG-3","A","4&5","","","CC-22 (RENEWAL)","KMF (Nandini)","?104,014","10-07-2023","09-07-2026","09-07-2026","Operational"
"41","MS-68","MILK","YNK","NSG-3","A","4&5","Beside Traction pole no. 1040B/6.","","E-TENDER","Vineet Verma","?328,550","09-10-2024","08-10-2029","08-10-2026","Operational"
"42","MS-69","MILK","YNK","NSG-3","A","4&5","Below FOB between Water point and Signal.","","E-TENDER","Vineet Verma","?255,500","09-10-2024","08-10-2029","08-10-2026","Operational"
"43","MS-36","MILK","HUP","NSG-4","B","2&3","","","CC-22 (RENEWAL)","APDDC (Guntur)","?72,600","08-01-2024","07-01-2027","07-01-2026","Operational"
"44","MS-37","MILK","RMGM","NSG-4","B","1","","","CC-22 (RENEWAL)","GCMMF (Amul)","?66,000","08-01-2023","07-01-2028","07-01-2027","Operational"
"45","MS-38","MILK","RMGM","NSG-4","B","2&3","","","CC-22 (RENEWAL)","KMF (Nandini)","?85,340","24-06-2022","23-06-2027","23-06-2026","Operational"
"46","MS-39","MILK","CPT","NSG-5","D","1","Near SM office","","E-TENDER","","","","","","No Offers"
"47","MS-40","MILK","CPT","NSG-5","D","2&3","Near FOB opposite to Station entry on PF no. 01.","","E-TENDER","","","","","","No Offers"
"48","MS-41","MILK","MAD","NSG-5","D","2&3","In between Pole No- 30 & 31","","E-TENDER","","","","","","No Offers"
"49","MS-42","MILK","CRLM","NSG-4","B","1","","","CC-22 (RENEWAL)","KMF (Nandini)","?95,337","15-06-2021","14-06-2026","14-06-2026","Operational"
"50","MS-43","MILK","DPJ","NSG-5","D","2&3","","","CC-22 (RENEWAL)","DDCMPU (Dharmapuri)","?69,350","08-01-2023","07-01-2028","07-01-2027","Operational"
"51","MS-44","MILK","MWM","NSG-6","E","Con","","","CC-22 (RENEWAL)","GCMMF (Amul)","?71,287","17-11-2023","16-11-2028","16-11-2025","Operational"
"52","MS-45","MILK","BAW","NSG-5","D","2&3","","","CC-22 (RENEWAL)","GCMMF (Amul)","?66,000","08-01-2023","07-01-2028","07-01-2027","Operational"
"53","MS-46","MILK","BNCE","NSG-5","D","2","","","CC-22 (RENEWAL)","KMF (Nandini)","?70,773","15-06-2021","14-06-2026","14-06-2025","Operational"
"54","MS-47","MILK","BYPL","NSG-5","D","2","","","CC-22 (RENEWAL)","KMF (Nandini)","?93,148","10-10-2022","09-10-2027","09-10-2026","Operational"
"55","MS-48","MILK","BYPL","NSG-5","D","1","In between FOB and station building.","","E-TENDER","","","","","","No Offers"
"56","MS-74","MILK","BYPL","NSG-5","D","2","","","E-TENDER","Jawahar Taj Caterers","?368,999","18-09-2025","17-09-2030","18-09-2026","Operational"
"57","MS-49","MILK","WFD","NSG-4","B","1&2","","","CC-22 (RENEWAL)","KMF (Nandini)","?106,743","10-10-2022","09-10-2027","09-10-2026","Operational"
"58","MS-75","MILK","WFD","NSG-4","B","1&2","Between Coach Position no. 11 & 12","","E-TENDER","Vinayaga Catering Service","?356,789","27-06-2025","26-06-2030","26-06-2026","Operational"
"59","MS-50","MILK","WFD","NSG-4","B","3&4","","","CC-22 (RENEWAL)","KMF (Nandini)","?66,549","08-01-2023","07-01-2028","07-01-2027","Operational"
"60","MS-51","MILK","MLO","NSG-5","D","3","","","CC-22 (RENEWAL)","KMF (Nandini)","?84,026","08-01-2023","07-01-2028","07-01-2027","Operational"
"61","MS-52","MILK","KPN","NSG-5","D","1","","","CC-22 (RENEWAL)","KMF (Nandini)","?76,727","08-01-2023","07-01-2028","07-01-2027","Operational"
"62","MS-53","MILK","OGM","NSG-5","D","1","","","CC-22 (RENEWAL)","KMF (Nandini)","?66,000","01-01-2023","31-12-2027","31-12-2026","Operational"
"63","MS-54","MILK","GBD","NSG-5","D","1","","","CC-22 (RENEWAL)","KMF (Nandini)","?74,384","10-07-2024","09-07-2029","09-07-2026","Operational"
"64","MS-55","MILK","GBD","NSG-5","D","2","","","CC-22 (RENEWAL)","GCMMF (Amul)","?66,000","08-01-2023","07-01-2028","07-01-2027","Operational"
"65","MS-56","MILK","BID","NSG-5","D","2&3","Opposite to SM Office on PF No.1","","E-TENDER","","","","","","No Offers"
"66","MS-57","MILK","HLE","NSG-6","E","1","Near new station building (DPJ end)","","E-TENDER","","","","","","No Offers"
"67","MS-58","MILK","PCV","NSG-6","E","1","On PF No. 01(DPJ end)","","E-TENDER","","","","","","No Offers"
"68","MS-59","MILK","TCL","NSG-5","D","1","Near FOB on PF-01 (SBC end)","","E-TENDER","Vinayaga Catering Service","?94,789","18-09-2025","17-09-2030","17-09-2026","Operational"
"69","MS-60","MILK","KQZ","NSG-6","E","1","Next to station building (CBP end)","","E-TENDER","","","","","","No Offers"
"70","MS-61","MILK","KJM","NSG-3","A","2&3","","","CC-22 (RENEWAL)","KMF (Nandini)","?199,473","25-11-2024","24-11-2027","24-11-2026","Operational"
"71","MS-62","MILK","KJM","NSG-3","A","4","","","CC-22 (RENEWAL)","KMF (Nandini)","?88,814","21-02-2024","20-02-2027","20-02-2027","Operational"
"72","MS-63","MILK","SMVB","NSG-2","A1","1","Between pillar no. 43 & 44","","E-TENDER","Jawahar Taj Caterers","?739,999","25-01-2025","24-01-2030","24-01-2026","Operational"
"73","MS-64","MILK","SMVB","NSG-2","A1","2&3","Between pillar no. 24 & 25","","E-TENDER","Mehnaz Aquil","?682,100","27-01-2025","26-01-2030","26-01-2027","Operational"
"74","MS-65","MILK","SMVB","NSG-2","A1","4&5","Between pillar no. 26 & 27","","E-TENDER","Jawahar Taj Caterers","?919,999","25-01-2025","24-01-2030","24-01-2026","Operational"
"75","MS-66","MILK","SMVB","NSG-2","A1","6&7","Between pillar no. 17 & 18 (Pillar numbers from Banaswadi end)","","E-TENDER","Mehnaz Aquil","?932,100","23-01-2025","22-01-2030","22-01-2027","Operational"
"1","MPS-01","MULTI-PURPOSE STALL","SBC","NSG-1","A1","Con","Main entry Concourse","GMU (W)","E-AUCTION","Rekha Foods","?730,008","02-12-2023","01-12-2028","01-06-2026","Operational"
"2","MPS-02","MULTI-PURPOSE STALL","SBC","NSG-1","A1","Con (2E)","Near Entry Gate","GMU (W)","E-TENDER","Sangeetha Caterers","?1,212,165","08-02-2023","07-02-2028","07-02-2027","Operational"
"3","MPS-03","MULTI-PURPOSE STALL","SBC","NSG-1","A1","Cir. Area","In Circulating Area near to the Digital Seva Kendra in PRS/UTS building","GMU","E-AUCTION","Parthaveer Caterers","?1,600,111","07-08-2024","06-08-2029","06-05-2026","Operational"
"4","MPS-04","MULTI-PURPOSE STALL","SBC","NSG-1","A1","9&10"," between Pillar No. 52 & 53 ","GMU (W)","E-TENDER","Sangeetha Caterers","?1,199,025","08-02-2023","07-02-2028","07-02-2026","Operational"
"5","MPS-05","MULTI-PURPOSE STALL","SBC","NSG-1","A1","1","Between pillar no. 10 &11, near FOB ramp","GMU","E-AUCTION","","","","","","E-Auction/E-Tender is Scheduled"
"6","MPS-06","MULTI-PURPOSE STALL","SBC","NSG-1","A1","1","Between pillar no. 29 &30","GMU (W)","E-TENDER","Sakkeena C","?808,116","09-02-2023","08-02-2028","08-02-2026","Operational"
"7","MPS-08","MULTI-PURPOSE STALL","SBC","NSG-1","A1","2&3","Between pillar no. 6&7","GMU (W)","E-AUCTION","Kannan Gayathri","?890,000","20-01-2025","19-01-2030","19-04-2026","Operational"
"8","MPS-09","MULTI-PURPOSE STALL","SBC","NSG-1","A1","2&3","Between pillar no. 12 & 13","GMU","E-AUCTION","Manimala Caterers","?1,029,777","01-04-2025","31-03-2030","31-03-2026","Operational"
"9","MPS-10","MULTI-PURPOSE STALL","SBC","NSG-1","A1","2&3","Between pillar no. 14 & 15","GMU","E-AUCTION","Parthaveer Caterers","?780,000","12-01-2026","11-01-2031","11-04-2026","Operational"
"10","MPS-11","MULTI-PURPOSE STALL","SBC","NSG-1","A1","4","Between pillar no. 12 &13","BPL","E-TENDER","Shri Radhey Rani Caterers","?437,258","18-02-2023","17-02-2028","17-02-2026","Operational"
"11","MPS-12","MULTI-PURPOSE STALL","SBC","NSG-1","A1","5","Between pillar no 21 & 22. Near RPF Post Commander Office","FF/WW/Rly Wd/Ld to Rly","E-AUCTION","Shri Shyamji Food Service","?1,370,254","26-08-2024","25-08-2029","25-05-2026","Operational"
"12","MPS-13","MULTI-PURPOSE STALL","SBC","NSG-1","A1","5&6","Between pillar no. 5 & 6","SC (W)","E-TENDER","Rekha Foods","?762,120","15-02-2023","14-02-2028","14-02-2026","Operational"
"13","MPS-14","MULTI-PURPOSE STALL","SBC","NSG-1","A1","6","Between pillar no. 34 & 35","MINORITY","E-TENDER","Sakkeena C","?663,577","17-02-2023","16-02-2028","16-02-2026","Operational"
"14","MPS-15","MULTI-PURPOSE STALL","SBC","NSG-1","A1","7&8","Opposite to Waiting lounge, near a tree","GMU","E-AUCTION","","","","","","E-Auction/E-Tender is Scheduled"
"15","MPS-16","MULTI-PURPOSE STALL","SBC","NSG-1","A1","7&8","Near pillar no. 23","GMU","E-AUCTION","Mehnaz Aquil","?1,351,111","27-02-2026","26-02-2031","26-05-2026","LOA issued, Yet to Commence"
"16","MPS-17","MULTI-PURPOSE STALL","SBC","NSG-1","A1","9&10","Between pillar no. 6&7 (YPR End)","GMU","E-AUCTION","A R Caters","?2,542,222","04-08-2024","03-08-2029","03-05-2026","Operational"
"17","MPS-18","MULTI-PURPOSE STALL","YPR","NSG-2","A1","1","Between Pillar No. 9 & 10","GMU (W)","E-TENDER","Mubeena Begum","?677,999","25-02-2023","24-02-2028","24-02-2026","Operational"
"18","MPS-19","MULTI-PURPOSE STALL","YPR","NSG-2","A1","2&3","Below FOB, TK end","FF/WW/Rly Wd/Ld to Rly","E-TENDER","Kamala Bai Gupta","?586,000","14-03-2023","13-03-2028","13-03-2026","Operational"
"48","MPS-50","MULTI-PURPOSE STALL","SMVB","NSG-2","A1","4&5","Between Pillar no 43 & 44","GMU","E-AUCTION","Mehnaz Aquil","?1,550,000","28-04-2025","27-04-2030","27-04-2026","Operational"
"20","MPS-21","MULTI-PURPOSE STALL","YPR","NSG-2","A1","Air Con","","GMU (W)","E-AUCTION","","","","","","Under Construction"
"21","MPS-22","MULTI-PURPOSE STALL","YPR","NSG-2","A1","6","Near pillar no. 15, adjacent to Ramakrishna Math Book Stall","GMU","E-AUCTION","","","","","","Under Construction"
"22","MPS-23","MULTI-PURPOSE STALL","YPR","NSG-2","A1","6","In Circulating area of Platform-6 near SBI ATM","GMU (W)","E-AUCTION","","","","","","Under Construction"
"23","MPS-24","MULTI-PURPOSE STALL","BNC","NSG-3","A","1A","Between pillar no.2&3","GMU (W)","E-AUCTION","","","","","","Under Construction"
"24","MPS-25","MULTI-PURPOSE STALL","BNC","NSG-3","A","1","","GMU","E-AUCTION","","","","","","Under Construction"
"25","MPS-26","MULTI-PURPOSE STALL","BNC","NSG-3","A","2&3","Near Pillar No.9","GMU","E-TENDER","Parthaveer Caterers","?716,139","20-04-2023","20-07-2028","20-07-2026","Operational"
"26","MPS-27","MULTI-PURPOSE STALL","BNC","NSG-3","A","2","","GMU","E-AUCTION","Jaishreeram Group of Foods","?700,700","18-04-2024","17-04-2029","17-04-2026","Operational"
"27","MPS-28","MULTI-PURPOSE STALL","BNC","NSG-3","A","Con"," near booking office (PF-2&3 side)","ST (W)","E-TENDER","Smt Pushpa Bai","?427,987","14-02-2023","16-05-2028","13-02-2027","Operational"
"28","MPS-29","MULTI-PURPOSE STALL","KJM","NSG-3","A","2&3","Near pillar no. 9","GMU","E-AUCTION","Duvisha Caterers","?1,368,888","27-02-2026","26-02-2031","26-05-2026","LOA issued, Yet to Commence"
"29","MPS-30","MULTI-PURPOSE STALL","KJM","NSG-3","A","2&3","Near pillar no. 8","DIVYANG","E-AUCTION","Shiva Shakti Caterers","?751,254","26-12-2023","25-12-2028","25-03-2026","Operational"
"30","MPS-31","MULTI-PURPOSE STALL","KJM","NSG-3","A","1","","GMU","E-AUCTION","","","","","","No Train Service"
"31","MPS-32","MULTI-PURPOSE STALL","BWT","NSG-3","A","3&4","Near OHE Post 285/34, JTJ End","GMU (W)","E-AUCTION","","","","","","E-Auction/E-Tender is Scheduled"
"32","MPS-33","MULTI-PURPOSE STALL","BWT","NSG-3","A","3&4","Near OHE Post no. 286/2 (SBC End)","GMU","E-AUCTION","","","","","","E-Auction/E-Tender is Scheduled"
"33","MPS-34","MULTI-PURPOSE STALL","KGI","NSG-3","A","2&3","Near OHE pole no. 12/2, SBC End","GMU","E-AUCTION","Shri Durgadevi Caterers","?500,000","10-02-2026","09-02-2031","09-05-2026","LOA issued, Yet to Commence"
"34","MPS-35","MULTI-PURPOSE STALL","KGI","NSG-3","A","2&3","Near pillar no. 12 after FOB Mysuru End","GMU","E-AUCTION","Global Foods","?822,332","13-02-2024","12-02-2029","12-05-2026","Operational"
"35","MPS-36","MULTI-PURPOSE STALL","MYA","NSG-4","B","2&3","","ST","E-AUCTION","","","","","","Under Construction"
"36","MPS-37","MULTI-PURPOSE STALL","MYA","NSG-4","B","2&3","Next to PF Pole No. 13-12 km No.93 opposite to RPF station building","OBC","E-AUCTION","Mala Caterers","?170,500","08-12-2025","07-12-2030","17-06-2026","Operational"
"37","MPS-38","MULTI-PURPOSE STALL","HSRA","NSG-4","B","1","","GMU","E-AUCTION","","","","","","Under Construction"
"38","MPS-39","MULTI-PURPOSE STALL","TK","NSG-4","B","2&3","Near pillar no-10","GMU","E-AUCTION","Shri Durgadevi Caterers","?346,750","04-11-2025","03-11-2030","03-05-2026","Operational"
"39","MPS-40","MULTI-PURPOSE STALL","TK","NSG-4","B","1","","SC","E-AUCTION","","","","","","E-Auction/E-Tender is Scheduled"
"40","MPS-41","MULTI-PURPOSE STALL","TK","NSG-4","B","2&3","Opposite to RMS office on PF No.1","GMU (W)","E-AUCTION","","","","","","E-Auction/E-Tender is Scheduled"
"41","MPS-43","MULTI-PURPOSE STALL","YNK","NSG-3","A","2&3","Beside water cooler towards SBC End","GMU","E-AUCTION","Madhuveer Caterers","?160,029","11-04-2024","10-04-2029","11-04-2026","Operational"
"42","MPS-66","MULTI-PURPOSE STALL","YNK","NSG-3","A","1","On platform no.1 beside Divyang toilet","GMU (W)","E-AUCTION","Rekha Foods","?450,001","06-08-2024","05-08-2029","05-05-2026","Operational"
"43","MPS-67","MULTI-PURPOSE STALL","YNK","NSG-3","A","4&5","Beside water point and pillar no.1","OBC","E-AUCTION","Madhuveer Caterers","?173,000","18-08-2025","17-08-2030","17-05-2026","Operational"
"44","MPS-44","MULTI-PURPOSE STALL","HUP","NSG-4","B","1","Near TC Squad Room","GMU","E-AUCTION","BKS Hotel","?180,000","09-10-2024","08-10-2029","09-07-2026","Operational"
"45","MPS-45","MULTI-PURPOSE STALL","HUP","NSG-4","B","2&3","Opposite to electrical room existing on platform no.1","GMU (W)","E-AUCTION","","","","","","E-Auction/E-Tender is Scheduled"
"46","MPS-48","MULTI-PURPOSE STALL","SMVB","NSG-2","A1","1","Between Pillar no 37 & 38","GMU","E-AUCTION","Shaiesta Caterers","?1,355,555","17-07-2025","16-07-2030","16-04-2026","Operational"
"47","MPS-49","MULTI-PURPOSE STALL","SMVB","NSG-2","A1","2&3","Between Pillar no 28 & 29","ST","E-AUCTION","Babita Kumari","?855,555","21-07-2025","20-07-2030","20-04-2026","Operational"
"49","MPS-51","MULTI-PURPOSE STALL","SMVB","NSG-2","A1","6&7","Between Pillar no 11 & 12 (Pillar numbers from Banaswadi end)","GMU","E-AUCTION","Rubiya Caterers","?777,777","28-04-2025","27-04-2030","27-04-2026","Operational"
"19","MPS-20","MULTI-PURPOSE STALL","YPR","NSG-2","A1","4","Pillar No. 13&14","GMU","E-AUCTION","Shaiesta Caterers","?1,346,850","29-04-2025","28-04-2030","28-04-2026","Operational"
"50","MPS-52","MULTI-PURPOSE STALL","SMVB","NSG-2","A1","1","Between Pillar no 12 & 13","GMU","E-AUCTION","Global Foods","?1,000,000","31-03-2025","30-03-2030","30-03-2026","Operational"
"51","MPS-53","MULTI-PURPOSE STALL","SMVB","NSG-2","A1","2&3","Between Pillar no 12 & 13","GMU","E-AUCTION","Sangeeta Enterprises","?808,888","29-04-2025","28-04-2029","28-04-2026","Operational"
"52","MPS-54","MULTI-PURPOSE STALL","SMVB","NSG-2","A1","4&5","Between Pillar no 10 & 11","OBC (W)","E-AUCTION","","","","","","E-Auction/E-Tender is Scheduled"
"53","MPS-55","MULTI-PURPOSE STALL","SMVB","NSG-2","A1","6&7","Between Pillar no 28 & 29 (Pillar numbers from Banaswadi end)","BPL (W)","E-AUCTION","","","","","","E-Auction/E-Tender is Scheduled"
"54","MPS-56","MULTI-PURPOSE STALL","BNC","NSG-3","A","Air Con","","GMU","E-AUCTION","","","","","","Under Construction"
"55","MPS-57","MULTI-PURPOSE STALL","BNC","NSG-3","A","Con","","SC","E-AUCTION","","","","","","Under Construction"
"56","MPS-58","MULTI-PURPOSE STALL","BNC","NSG-3","A","1B & 1C","","GMU (W)","E-AUCTION","","","","","","No Train Service"
"57","MPS-59","MULTI-PURPOSE STALL","BNC","NSG-3","A","1D & 1E","","GMU","E-AUCTION","","","","","","No Train Service"
"58","MPS-60","MULTI-PURPOSE STALL","BWT","NSG-3","A","1&2","Near FOB,OHE No.285/40A","GMU (W)","E-AUCTION","","","","","","Under Construction"
"59","MPS-61","MULTI-PURPOSE STALL","BWT","NSG-3","A","5&6","Near second entry , FOB OHE No.2010","GMU","E-AUCTION","","","","","","Under Construction"
"60","MPS-62","MULTI-PURPOSE STALL","BWT","NSG-3","A","Con","","GMU","E-AUCTION","","","","","","Under Construction"
"61","MPS-63","MULTI-PURPOSE STALL","SSPN","NSG-4","A","2&3","Under existing shelter,between pillar no.3&4 from DMM end(opposite to Station Master office)","MINORITY (W)","E-AUCTION","","","","","","No Offers"
"62","MPS-64","MULTI-PURPOSE STALL","SSPN","NSG-4","A","4","","GMU","E-AUCTION","","","","","","No Train Service"
"63","MPS-65","MULTI-PURPOSE STALL","HSRA","NSG-4","B","2&3","In between CIB 10 &11","GMU","E-AUCTION","Lavanya Caterers","?125,555","22-08-2024","21-08-2029","21-05-2026","Operational"
"64","MPS-68","MULTI-PURPOSE STALL","RMGM","NSG-4","B","2&3","Near KM no.43/9","GMU (W)","E-AUCTION","","","","","","No Offers"
"65","MPS-69","MULTI-PURPOSE STALL","CPT","NSG-5","D","2&3","Near to the Lift","GMU (W)","E-AUCTION","","","","","","No Offers"
"66","MPS-70","MULTI-PURPOSE STALL","WFD","NSG-4","B","1&2","Near OHE No.332/25 ( DKN end)","GMU","E-AUCTION","Lavanya Caterers","?167,777","22-08-2024","21-08-2029","21-05-2026","Operational"
"67","MPS-71","MULTI-PURPOSE STALL","MLO","NSG-5","D","1&2","Near OHE pole no.312/25","FF/WW/Rly Wd/Ld to Rly (W)","E-AUCTION","Manimala Caterers","?97,777","18-08-2024","17-08-2029","17-05-2026","Operational"
"68","MPS-72","MULTI-PURPOSE STALL","KPN","NSG-5","D","1","Near OHE No.251/27","SC","E-AUCTION","Anjali Caterers","?121,768","08-12-2025","07-12-2030","07-06-2026","Operational"
"69","MPS-73","MULTI-PURPOSE STALL","KPN","NSG-5","D","2","Near OHE No.251/24","GMU","E-AUCTION","Lavanya Caterers","?512,786","22-08-2024","21-08-2029","21-05-2026","Operational"
"70","MPS-42","MULTI-PURPOSE STALL","BAND","NSG-5","D","1","Between FOB and Ramp","GMU","E-AUCTION","","","","","","E-Auction/E-Tender is Scheduled"
"71","MPS-46","MULTI-PURPOSE STALL","DPJ","NSG-5","D","1","Under shelter, left side of station entrance","MINORITY","E-AUCTION","","","","","","Under Construction"
"72","MPS-47","MULTI-PURPOSE STALL","BAW","NSG-5","D","2&3","Between Pillar No. 2&3","GMU","E-AUCTION","","","","","","E-Auction/E-Tender is Scheduled"
"73","MPS-74","MULTI-PURPOSE STALL","NYH","NSG-5","D","1","Near Station Master office","GMU (W)","E-AUCTION","","","","","","No Offers"
"74","MPS-75","MULTI-PURPOSE STALL","MAD","NSG-5","D","2&3","Below first shelter","OBC (W)","E-AUCTION","","","","","","No Offers"
"75","MPS-76","MULTI-PURPOSE STALL","DPJ","NSG-5","D","2&3","","SC","E-AUCTION","","","","","","Under Construction"
"76","MPS-77","MULTI-PURPOSE STALL","MWM","NSG-6","E","2","","GMU","E-AUCTION","","","","","","Under Construction"
"77","MPS-78","MULTI-PURPOSE STALL","BAW","NSG-5","D","4&5","Near FOB YPR end","OBC","E-AUCTION","Madhuveer Caterers","?81,000","16-10-2024","15-10-2029","15-04-2026","Operational"
"78","MPS-79","MULTI-PURPOSE STALL","GBD","NSG-5","D","2","Near TRD pole no.76/5 (opposite to main entrance)","GMU (W)","E-AUCTION","","","","","","No Offers"
"79","MPS-80","MULTI-PURPOSE STALL","DBU","NSG-5","D","2&3","Beside new traction pillar no.36/37A","ST","E-AUCTION","","","","","","No Offers"
"80","MPS-81","MULTI-PURPOSE STALL","KIGL","NSG-5","D","2&3","In between OHE pillar no.58/35 and 58/37(opposite to SM office )","GMU","E-AUCTION","","","","","","No Offers"
"1","BS-01","BOOK STALL","SBC","NSG-1","A1","Con","Opposite to Dy SMR/Comml office","","","Ramakrishna Math","?5,000","19-09-2024","18-09-2029","26-09-2026","Operational"
"2","BS-02","BOOK STALL","SBC","NSG-1","A1","1","Between pillar no. 26 &27","","","Gita Press","?5,000","01-01-2024","31-12-2028","31-05-2026","Operational"
"3","BS-03","BOOK STALL","YPR","NSG-2","A1","6","Opposite to Dy SMR/Comml office","","","Ramakrishna Math","?5,000","01-01-2024","31-12-2028","31-05-2026","Operational"
"4","BS-04","BOOK STALL","YPR","NSG-2","A1","6","","","","Gita Press","?5,000","01-01-2024","31-12-2028","31-05-2026","Operational"
"5","BS-05","BOOK STALL","KJM","NSG-3","A","2&3","","","","Ramakrishna Math","?5,000","01-01-2024","31-12-2028","31-05-2026","Operational"
"6","BS-06","BOOK STALL","SSPN","NSG-4","A","1","","","","Gita Press","?5,000","01-01-2024","31-12-2028","31-05-2026","Operational"
"1","WVM-01","WATER VENDING MACHINE","SBC","NSG-1","A1","1","Between Pillar No. 30 & 31","","E-AUCTION","Jithu Entire Solutions","?1,810,000","30-09-2025","30-09-2030","30-03-2026","Operational"
"2","WVM-02","WATER VENDING MACHINE","SBC","NSG-1","A1","1","Between Pillar No. 9 & 10","","E-AUCTION","Jithu Entire Solutions","","","","","Operational"
"3","WVM-03","WATER VENDING MACHINE","SBC","NSG-1","A1","2&3","Between Pillar No. 12 & 13","","E-AUCTION","Jithu Entire Solutions","","","","","LOA issued, Yet to Commence"
"4","WVM-04","WATER VENDING MACHINE","SBC","NSG-1","A1","2&3","Between Pillar No. 15 & 16","","E-AUCTION","Jithu Entire Solutions","","","","","LOA issued, Yet to Commence"
"5","WVM-05","WATER VENDING MACHINE","SBC","NSG-1","A1","4","Between Pillar No. 14 & 15","","E-AUCTION","Jithu Entire Solutions","","","","","LOA issued, Yet to Commence"
"6","WVM-06","WATER VENDING MACHINE","SBC","NSG-1","A1","5","Between Pillar No. 24 & 25","","E-AUCTION","Jithu Entire Solutions","","","","","LOA issued, Yet to Commence"
"7","WVM-07","WATER VENDING MACHINE","SBC","NSG-1","A1","5","Between Pillar No. 33 & 34","","E-AUCTION","Jithu Entire Solutions","","","","","LOA issued, Yet to Commence"
"8","WVM-08","WATER VENDING MACHINE","SBC","NSG-1","A1","6","Between Pillar No. 5 & 6","","E-AUCTION","Jithu Entire Solutions","","","","","LOA issued, Yet to Commence"
"9","WVM-09","WATER VENDING MACHINE","SBC","NSG-1","A1","6","Between Pillar No. 37 & 38","","E-AUCTION","Jithu Entire Solutions","","","","","LOA issued, Yet to Commence"
"10","WVM-10","WATER VENDING MACHINE","SBC","NSG-1","A1","7&8","Near Waiting area next to cabin","","E-AUCTION","Jithu Entire Solutions","","","","","LOA issued, Yet to Commence"
"11","WVM-11","WATER VENDING MACHINE","SBC","NSG-1","A1","7&8","Between Pillar No. 12 & 13","","E-AUCTION","Jithu Entire Solutions","","","","","LOA issued, Yet to Commence"
"12","WVM-12","WATER VENDING MACHINE","SBC","NSG-1","A1","7&8","Between Pillar No. 31 & 32","","E-AUCTION","Jithu Entire Solutions","","","","","LOA issued, Yet to Commence"
"13","WVM-13","WATER VENDING MACHINE","SBC","NSG-1","A1","9&10","Between Pillar No. 5 & 6","","E-AUCTION","Jithu Entire Solutions","","","","","LOA issued, Yet to Commence"
"14","WVM-14","WATER VENDING MACHINE","SBC","NSG-1","A1","9&10","Between Pillar No. 19 & 20","","E-AUCTION","Jithu Entire Solutions","","","","","LOA issued, Yet to Commence"
"15","WVM-15","WATER VENDING MACHINE","SBC","NSG-1","A1","9&10","Near existing WVM (MYS end)","","E-AUCTION","Jithu Entire Solutions","","","","","LOA issued, Yet to Commence"
"16","WVM-16","WATER VENDING MACHINE","YPR","NSG-2","A1","1","Between Pillar No. 10 & 11","","E-AUCTION","Trivarga Food & Beverages","?459,999","16-02-2024","15-02-2029","15-05-2026","Operational"
"17","WVM-17","WATER VENDING MACHINE","YPR","NSG-2","A1","1","Between Pillar No. 18 & 19","","E-AUCTION","Trivarga Food & Beverages","","","","","Operational"
"18","WVM-18","WATER VENDING MACHINE","YPR","NSG-2","A1","1","Between Pillar No. 29 & 30","","E-AUCTION","Trivarga Food & Beverages","","","","","LOA issued, Yet to Commence"
"19","WVM-19","WATER VENDING MACHINE","YPR","NSG-2","A1","2&3","Near Pillar No. 20","","E-AUCTION","Trivarga Food & Beverages","","","","","Operational"
"20","WVM-20","WATER VENDING MACHINE","YPR","NSG-2","A1","2&3","Near Pillar No. 3","","E-AUCTION","Trivarga Food & Beverages","","","","","LOA issued, Yet to Commence"
"21","WVM-21","WATER VENDING MACHINE","YPR","NSG-2","A1","4&5","Between Pillar No. 7 & 8","","E-AUCTION","Trivarga Food & Beverages","","","","","Operational"
"22","WVM-22","WATER VENDING MACHINE","YPR","NSG-2","A1","4&5","Between Pillar No. 21 & 22","","E-AUCTION","Trivarga Food & Beverages","","","","","LOA issued, Yet to Commence"
"23","WVM-23","WATER VENDING MACHINE","YPR","NSG-2","A1","6","Between Pillar No. 7 & 8","","E-AUCTION","Trivarga Food & Beverages","","","","","Operational"
"24","WVM-24","WATER VENDING MACHINE","YPR","NSG-2","A1","6","Between Pillar No. 12 & 13","","E-AUCTION","Trivarga Food & Beverages","","","","","Operational"
"25","WVM-25","WATER VENDING MACHINE","YPR","NSG-2","A1","6","Between Pillar No. 27 & 28","","E-AUCTION","Trivarga Food & Beverages","","","","","LOA issued, Yet to Commence"
